ATS,COD_ENTE,DENOM_ENTE,COD_STRUTTURA,COD_SUB,DENOM_STRUTTURA,COD_TIPO_STR,DESCR_TIPO_STR,DATA_APERTURA,DATA_CHIUSURA,INDIRIZZO,CAP,LOCALITA,TELEFONO,FAX,LIV_EMERG,PS_PEDIATRICO
325,720,ASST DI BERGAMO EST,030140,00,OSPEDALE BOLOGNINI - SERIATE,12,OSPEDALE A GESTIONE DIRETTA PRESIDIO DELLA AO,01/01/1984 12:00:00 AM,,"VIA PADERNO, 21",24068,SERIATE,035 3063111,0353063220,DEA-PS,
321,708,ASST MELEGNANO E DELLA MARTESANA,030085,02,OSPEDALE CROTTA OLTROCCHI-VAPRIO D'ADDA,12,OSPEDALE A GESTIONE DIRETTA PRESIDIO DELLA AO,01/01/2015 12:00:00 AM,,VIA DON MOLETTA 22,20069,VAPRIO D'ADDA,02909351,0290935493,PPI,
325,325,ATS DI BERGAMO,030360,00,FERB-ONLUS C.TRO ALZHEIMER-GAZZANIGA,51,CASA DI CURA ACCREDITATA A CONTRATTO,05/01/2005 12:00:00 AM,,"VIA MANZONI, 130",24025,GAZZANIGA,035 306511,,Senza livello emergenza,
322,711,ASST DELLA VALLE OLONA,030008,00,OSP. GENERALE PROVINCIALE - SARONNO,12,OSPEDALE A GESTIONE DIRETTA PRESIDIO DELLA AO,01/01/1984 12:00:00 AM,,PIAZZALE BORELLA 1,21047,SARONNO,02  96.131,,DEA-PS,X
325,720,ASST DI BERGAMO EST,030382,00,OSPEDALE M. O. ANTONIO LOCATELLI-PIARIO,12,OSPEDALE A GESTIONE DIRETTA PRESIDIO DELLA AO,01/01/2009 12:00:00 AM,,"VIA GROPPINI,22",24020,PIARIO,0353066211,0353066251,PS,
325,720,ASST DI BERGAMO EST,030137,00,OSP.LE SS.CAPITANIO E GEROSA - LOVERE,12,OSPEDALE A GESTIONE DIRETTA PRESIDIO DELLA AO,01/01/1988 12:00:00 AM,,"VIA MARTINOLI, 9A",24065,LOVERE,0353067111,0353067262,PS,
326,723,ASST DEL GARDA,030723,00,ASST DEL GARDA,0,AZIENDA OSPEDALIERA,01/01/2016 12:00:00 AM,,LOCALIT¿ MONTECROCE,25015,DESENZANO DEL GARDA,03091451,,Senza livello emergenza,
321,708,ASST MELEGNANO E DELLA MARTESANA,030708,00,ASST MELEGNANO E DELLA MARTESANA,0,AZIENDA OSPEDALIERA,01/01/2016 12:00:00 AM,,VIA PANDINA N. 1,20070,VIZZOLO PREDABISSI,0298051,,Senza livello emergenza,
321,703,ASST FATEBENEFRATELLI SACCO,030703,00,ASST FATEBENEFRATELLI SACCO,0,AZIENDA OSPEDALIERA,01/01/2016 12:00:00 AM,,VIA G.B. GRASSI N. 74,20157,MILANO,0239041,,Senza livello emergenza,
324,931,IST.SCIENT. E. MEDEA - BOSISIO PARINI,030931,00,ISTITUTO SCIENTIFICO MEDEA-BOSISIO P.,32,ISTITUTO DI RICOVERO E CURA A CARATTERE SCIENTIFICO - PRIVATO,01/01/1995 12:00:00 AM,,"VIA DON L. MONZA, 20",23842,BOSISIO PARINI,031 877111,,Senza livello emergenza,
321,709,ASST DI LODI,030709,00,ASST DI LODI,0,AZIENDA OSPEDALIERA,01/01/2016 12:00:00 AM,,VIA FISSIRAGA N. 15,26900,LODI,0371371,,Senza livello emergenza,
324,324,ATS DELLA BRIANZA,030109,00,CASA DI CURA VILLA BIANCA - LIMBIATE,51,CASA DI CURA ACCREDITATA A CONTRATTO,01/01/2009 12:00:00 AM,,VIA F.LLI BANDIERA 3,20812,LIMBIATE,02242091,0299656110,PPI,
327,726,ASST DI CREMA,030726,00,ASST DI CREMA,0,AZIENDA OSPEDALIERA,01/01/2016 12:00:00 AM,,LARGO UGO DOSSENA N. 2,26013,CREMA,03732801,,Senza livello emergenza,
321,702,ASST SANTI PAOLO E CARLO,030702,00,ASST SANTI PAOLO E CARLO,0,AZIENDA OSPEDALIERA,01/01/2016 12:00:00 AM,,VIA A. DI RUDIN¿ N. 8,20122,MILANO,0281841,,Senza livello emergenza,
325,720,ASST DI BERGAMO EST,030720,00,ASST DI BERGAMO EST,0,AZIENDA OSPEDALIERA,01/01/2016 12:00:00 AM,,VIA PADERNO N. 21,24068,SERIATE,0353063750,,Senza livello emergenza,
322,711,ASST DELLA VALLE OLONA,030711,00,ASST DELLA VALLE OLONA,0,AZIENDA OSPEDALIERA,01/01/2016 12:00:00 AM,,VIA A. DA BRESCIA N. 1,20152,BUSTO ARSIZIO,0331381800,,Senza livello emergenza,
327,327,ATS DELLA VAL PADANA,030357,00,OSP. SAN PELLEGRINO - CASTIGLIONE D/S,51,CASA DI CURA ACCREDITATA A CONTRATTO,01/01/2005 12:00:00 AM,,"VIA GARIBALDI, 65",46043,CASTIGLIONE DELLE STIVIERE,0376635301,0376635229,PS,
325,325,ATS DI BERGAMO,030145,00,HUMANITAS CASTELLI,51,CASA DI CURA ACCREDITATA A CONTRATTO,11/01/1933 12:00:00 AM,,VIA GIUSEPPE MAZZINI 11,24128,BERGAMO,035 283111,035 247792,Senza livello emergenza,
321,707,ASST NORD MILANO,030707,00,ASST NORD MILANO,0,AZIENDA OSPEDALIERA,01/01/2016 12:00:00 AM,,VIALE GIACOMO MATTEOTTI 83,20099,SESTO SAN GIOVANNI,0257991,,Senza livello emergenza,
321,702,ASST SANTI PAOLO E CARLO,030914,00,OSPEDALE S. PAOLO - MILANO,12,OSPEDALE A GESTIONE DIRETTA PRESIDIO DELLA AO,01/01/1995 12:00:00 AM,,"VIA A. DI RUDINI', 8",20142,MILANO,02  818441,0289120107,DEA-PS,X
321,708,ASST MELEGNANO E DELLA MARTESANA,030072,00,OSPEDALE DI  VIZZOLO PREDABISSI,12,OSPEDALE A GESTIONE DIRETTA PRESIDIO DELLA AO,01/01/1984 12:00:00 AM,,VIA PANDINA 1,20070,VIZZOLO PREDABISSI,02  98051,0298052501,DEA-PS,X
325,325,ATS DI BERGAMO,030147,00,POLICLINICO SAN MARCO - OSIO SOTTO,51,CASA DI CURA ACCREDITATA A CONTRATTO,01/01/1984 12:00:00 AM,,CORSO EUROPA 7,24040,OSIO SOTTO,035 886111,035885789,PS,
323,323,ATS DELLA MONTAGNA,030031,00,OSP. MORIGGIA PELASCINI - GRAVEDONA,4,OSPEDALE CLASSIFICATO,02/01/1974 12:00:00 AM,,VIA PELASCINI 3,22015,GRAVEDONA ED UNITI,034492111,034485896,DEA-PS,X
325,325,ATS DI BERGAMO,030354,00,NEPHROCARE S.P.A. - SERIATE,51,CASA DI CURA ACCREDITATA A CONTRATTO,07/01/2004 12:00:00 AM,,"VIA PADERNO, 21",24068,SERIATE,035 3063525,035 3063375,Senza livello emergenza,
321,708,ASST MELEGNANO E DELLA MARTESANA,030071,01,OSPEDALE S. MARIA DELLE STELLE MELZO,12,OSPEDALE A GESTIONE DIRETTA PRESIDIO DELLA AO,01/01/2015 12:00:00 AM,,"VIA VOLONTARI DEL SANGUE, 5",20066,MELZO,02951221,0295122319,PS,X
325,325,ATS DI BERGAMO,030350,00,OSPEDALE S.ISIDORO - TRESCORE B.,51,CASA DI CURA ACCREDITATA A CONTRATTO,06/01/2003 12:00:00 AM,,"VIA OSPEDALE, 34",24069,TRESCORE BALNEARIO,035 955111,,Senza livello emergenza,
325,720,ASST DI BERGAMO EST,030133,00,OSPEDALE PESENTI FENAROLI - ALZANO L.,12,OSPEDALE A GESTIONE DIRETTA PRESIDIO DELLA AO,01/01/1984 12:00:00 AM,,"VIA MAZZINI, 88",24022,ALZANO LOMBARDO,035 3064111,0353064217,PS,
321,708,ASST MELEGNANO E DELLA MARTESANA,030072,01,OSPEDALE DI  VIZZOLO PREDABISSI,12,OSPEDALE A GESTIONE DIRETTA PRESIDIO DELLA AO,01/01/2015 12:00:00 AM,,VIA PANDINA 1,20070,VIZZOLO PREDABISSI,0298051,0298052501,DEA-PS,X
321,708,ASST MELEGNANO E DELLA MARTESANA,030071,00,OSPEDALE S. MARIA DELLE STELLE MELZO,12,OSPEDALE A GESTIONE DIRETTA PRESIDIO DELLA AO,01/01/1984 12:00:00 AM,,"VIA VOLONTARI DEL SANGUE, 5",20066,MELZO,02  951221,0295122319,PS,X
321,321,ATS DELLA CITTA' METROPOLITANA DI MILANO,030359,00,FONDAZIONE EUROPEA DI RICERCA BIOMEDICA-CERNUSCO S/NAVIGLIO,51,CASA DI CURA ACCREDITATA A CONTRATTO,12/01/2005 12:00:00 AM,,"VIA UBOLDO, 19",20063,CERNUSCO SUL NAVIGLIO,02  92418444,0292418441,Senza livello emergenza,
327,327,ATS DELLA VAL PADANA,030353,00,OSPEDALE CIVILE DI VOLTA MANTOVANA,51,CASA DI CURA ACCREDITATA A CONTRATTO,06/01/2004 12:00:00 AM,,"VIA TONELLO, 5",46049,VOLTA MANTOVANA,037683901,037683921,Senza livello emergenza,
325,325,ATS DI BERGAMO,030146,00,CASA DI CURA S. FRANCESCO - BERGAMO,51,CASA DI CURA ACCREDITATA A CONTRATTO,10/01/1956 12:00:00 AM,,VIA IV NOVEMBRE  7,24128,BERGAMO,035 2811111,035 225162,Senza livello emergenza,
321,950,SAN RAFFAELE TURRO,030950,00,SAN RAFFAELE TURRO,32,ISTITUTO DI RICOVERO E CURA A CARATTERE SCIENTIFICO - PRIVATO,01/01/2015 12:00:00 AM,,"VIA STAMIRA,20",20127,MILANO,0226433244,0226433375,Senza livello emergenza,
324,715,ASST DI LECCO,030715,00,ASST DI LECCO,0,AZIENDA OSPEDALIERA,01/01/2016 12:00:00 AM,,VIA DELL'EREMO N. 9/11,23900,LECCO,0341489111,,Senza livello emergenza,
325,720,ASST DI BERGAMO EST,030136,00,OSPEDALE BRIOLINI - GAZZANIGA,12,OSPEDALE A GESTIONE DIRETTA PRESIDIO DELLA AO,01/01/1984 12:00:00 AM,,"VIA MANZONI, 130",24025,GAZZANIGA,035 3065111,0353065286,Senza livello emergenza,
322,322,ATS DELL'INSUBRIA,030347,00,CASA DI CURA VILLA S. GIUSEPPE-ANZANO DEL PARCO,51,CASA DI CURA ACCREDITATA A CONTRATTO,09/01/2002 12:00:00 AM,,"VIA VILLA S.GIUSEPPE, 1",22040,ANZANO DEL PARCO,031 6340515,0316340599,Senza livello emergenza,
326,326,ATS DI BRESCIA,030369,00,CENTRO MEDICO RICHIEDEI-PALAZZOLO S/O,51,CASA DI CURA ACCREDITATA A CONTRATTO,09/01/2006 12:00:00 AM,,"VIA SGRAZZUTTI, 1",25064,PALAZZOLO SULL'OGLIO,03073031,0307303301,Senza livello emergenza,
322,711,ASST DELLA VALLE OLONA,030004,00,OSPEDALE DI CIRCOLO - BUSTO ARSIZIO,12,OSPEDALE A GESTIONE DIRETTA PRESIDIO DELLA AO,01/01/1984 12:00:00 AM,,"VIA ARNALDO DA BRESCIA,1",21052,BUSTO ARSIZIO,0331381800,0331699411,DEA-PS,
324,717,ASST DELLA BRIANZA,030717,00,ASST DI VIMERCATE,0,AZIENDA OSPEDALIERA,01/01/2016 12:00:00 AM,,VIA SANTI COSMA E DAMIANO N. 10,20871,VIMERCATE,0396654384,,Senza livello emergenza,
321,708,ASST MELEGNANO E DELLA MARTESANA,030072,02,OSPEDALE A. ZAPPATONI-CASSANO D'ADDA,12,OSPEDALE A GESTIONE DIRETTA PRESIDIO DELLA AO,01/01/2015 12:00:00 AM,,VIA QUINTINO DI VONA 41,20062,CASSANO D'ADDA,03633651,03633657005,Senza livello emergenza,
321,708,ASST MELEGNANO E DELLA MARTESANA,030085,00,OSPEDALE UBOLDO - CERNUSCO S/NAVIGLIO,12,OSPEDALE A GESTIONE DIRETTA PRESIDIO DELLA AO,01/01/1984 12:00:00 AM,,VIA UBOLDO 21,20060,CERNUSCO SUL NAVIGLIO,02  923601,0292360347,PS-PPI,X
321,708,ASST MELEGNANO E DELLA MARTESANA,030085,01,OSPEDALE UBOLDO - CERNUSCO S/NAVIGLIO,12,OSPEDALE A GESTIONE DIRETTA PRESIDIO DELLA AO,01/01/2015 12:00:00 AM,,VIA UBOLDO 21,20063,CERNUSCO SUL NAVIGLIO,02923601,0292360347,PS,X
325,325,ATS DI BERGAMO,030379,00,HABILITA IST.CLINICO-OSP.LE DI SARNICO,51,CASA DI CURA ACCREDITATA A CONTRATTO,01/01/2008 12:00:00 AM,,"VIA P.A. FACCANONI, 6",24067,SARNICO,035918111,035913856,Senza livello emergenza,
321,704,ASST CENTRO SPEC. ORT. TRAUMATOLOGICO G.PINI/CTO,030911,00,ISTITUTO ORTOPEDICO GAETANO PINI - MILANO,12,OSPEDALE A GESTIONE DIRETTA PRESIDIO DELLA AO,01/01/1995 12:00:00 AM,,"PIAZZA A. CARDINAL FERRARI, 1",20122,MILANO,02582961,0258296500,EAS-PS,
321,321,ATS DELLA CITTA' METROPOLITANA DI MILANO,030110,00,CASA DI CURA S. GIOVANNI - MILANO,51,CASA DI CURA ACCREDITATA A CONTRATTO,03/01/1968 12:00:00 AM,,VIA MATTEO CIVITALI 71,20148,MILANO,02 4047645,0248705681,Senza livello emergenza,
321,705,ASST OVEST MILANESE,030074,00,OSPEDALE DI MAGENTA - ABBIATEGRASSO,12,OSPEDALE A GESTIONE DIRETTA PRESIDIO DELLA AO,01/01/1995 12:00:00 AM,,VIA AL DONATORE DI SANGUE   N.50,20013,MAGENTA,02979631,0297963235,DEA-PS,X
322,712,ASST LARIANA,030026,00,OSPEDALE ERBA-  RENALDI - MENAGGIO,12,OSPEDALE A GESTIONE DIRETTA PRESIDIO DELLA AO,08/01/1986 12:00:00 AM,,"VIA CASARTELLI, 7",22017,MENAGGIO,034433111,034430083,PS,
321,703,ASST FATEBENEFRATELLI SACCO,030916,00,OSPEDALE L. SACCO - MILANO,12,OSPEDALE A GESTIONE DIRETTA PRESIDIO DELLA AO,01/01/1995 12:00:00 AM,,VIA GIOVAN BATTISTA GRASSI 74,20157,MILANO,02  39042366,,DEA-PS,X
326,722,ASST DELLA FRANCIACORTA,030154,01,PRESIDIO OSPEDALIERO DI CHIARI,12,OSPEDALE A GESTIONE DIRETTA PRESIDIO DELLA AO,01/01/2010 12:00:00 AM,,VIALE MAZZINI 8,25032,CHIARI,03071021,,DEA-PS,
326,326,ATS DI BRESCIA,030295,00,FONDAZIONE POLIAMBULANZA - BRESCIA,51,CASA DI CURA ACCREDITATA A CONTRATTO,10/01/1997 12:00:00 AM,,VIA BISSOLATI N. 57,25124,BRESCIA,03035151,0303515351,EAS-PS,
327,327,ATS DELLA VAL PADANA,030355,00,OSPEDALE DI SUZZARA S.P.A.,51,CASA DI CURA ACCREDITATA A CONTRATTO,11/01/2004 12:00:00 AM,,"VIA G. CANTORE, 14/B",46029,SUZZARA,03765171,0376517504,PS,
324,944,ISTITUTI CL. SCIENTIFICI MAUGERI SPA SB - LISSONE,030944,00,IRCCS CENTRO MEDICO DI LISSONE,32,ISTITUTO DI RICOVERO E CURA A CARATTERE SCIENTIFICO - PRIVATO,10/01/2005 12:00:00 AM,,"VIA BERNASCONI, 16",20851,LISSONE,039 4657277,039 4657279,Senza livello emergenza,
324,717,ASST DELLA BRIANZA,030078,00,PRESIDIO OSPEDALIERO DI VIMERCATE,12,OSPEDALE A GESTIONE DIRETTA PRESIDIO DELLA AO,01/01/1984 12:00:00 AM,,"VIA SANTI COSMA E DAMIANO, 10",20871,VIMERCATE,039 66541,0396654568,DEA-PS,X
328,945,ISTITUTI CL.  SCIENTIFICI MAUGERI SPA SB DI PAVIA,030945,00,IRCCS ISTITUTO SCIENTIFICO DI PAVIA,32,ISTITUTO DI RICOVERO E CURA A CARATTERE SCIENTIFICO - PRIVATO,01/01/2005 12:00:00 AM,,VIA BOEZIO 26-28,27100,PAVIA,03825931,0382593081,Senza livello emergenza,
321,925,"FONDAZ. IRCCS CA' GRANDA-OSP. MAG. POLICLINICO,",030925,00,FONDAZ.IRCCS CA' GRANDA - OSPEDALE MAGGIORE POLICLINICO,33,ISTITUTO DI RICOVERO E CURA A CARATTERE SCIENTIFICO - FONDAZIONE,02/01/2005 12:00:00 AM,,"VIA FRANCESCO SFORZA, 28",20122,MILANO,02  55033202,02550185528,EAS-PS,X
322,710,ASST DEI SETTE LAGHI,030901,01,OSPEDALE DI CIRCOLO E FONDAZIONE MACCHI,12,OSPEDALE A GESTIONE DIRETTA PRESIDIO DELLA AO,01/01/2015 12:00:00 AM,,VIALE LUIGI BORRI 57,21100,VARESE,0332278111,0332810703,EAS-PS,
322,322,ATS DELL'INSUBRIA,030035,00,C.O.F. LANZO HOSPITAL - ALTA VALLE INTELVI,51,CASA DI CURA ACCREDITATA A CONTRATTO,01/02/1953 12:00:00 AM,,"LOCALITA' MONTE CASLE', 5",22020,ALTA VALLE INTELVI,031 843111,031841368,PPI,
322,710,ASST DEI SETTE LAGHI,030010,00,OSPEDALE GALMARINI - TRADATE,12,OSPEDALE A GESTIONE DIRETTA PRESIDIO DELLA AO,01/01/1984 12:00:00 AM,,PIAZZA ANGELO ZANABONI,21049,TRADATE,0331817111,0331845196,PS,X
328,727,ASST DI PAVIA,030193,00,OSPEDALE CIVILE - VIGEVANO,12,OSPEDALE A GESTIONE DIRETTA PRESIDIO DELLA AO,01/01/1984 12:00:00 AM,,CORSO MILANO 19,27029,VIGEVANO,03813331,038188175,DEA-PS,
326,721,ASST DEGLI SPEDALI CIVILI DI BRESCIA,030159,00,PRESIDIO OSPEDALIERO DI MONTICHIARI,12,OSPEDALE A GESTIONE DIRETTA PRESIDIO DELLA AO,01/01/1988 12:00:00 AM,,VIA CIOTTI 154,25018,MONTICHIARI,030 99631,0309963314,PS,
326,722,ASST DELLA FRANCIACORTA,030163,00,PRESIDIO OSPEDALIERO DI ISEO,12,OSPEDALE A GESTIONE DIRETTA PRESIDIO DELLA AO,01/01/1984 12:00:00 AM,,"VIA GIARDINI GARIBALDI,7",25049,ISEO,03098871,,PS,
321,936,IST.AUXOLOGICO ITALIANO,030936,00,IST.AUXOLOGICO ITALIANO - MILANO,32,ISTITUTO DI RICOVERO E CURA A CARATTERE SCIENTIFICO - PRIVATO,01/01/1995 12:00:00 AM,,"VIA LUDOVICO ARIOSTO, 13",20145,MILANO,02619112448,02619112204,PS,
321,707,ASST NORD MILANO,030058,00,OSPEDALE BASSINI - CINISELLO BALSAMO,12,OSPEDALE A GESTIONE DIRETTA PRESIDIO DELLA AO,01/01/2009 12:00:00 AM,,VIA GORKI 50,20092,CINISELLO BALSAMO,0257991,0257998446,DEA-PS,X
321,321,ATS DELLA CITTA' METROPOLITANA DI MILANO,030378,00,CENTRO CLINICO NEMO - FOND. SERENA - MILANO,51,CASA DI CURA ACCREDITATA A CONTRATTO,01/01/2008 12:00:00 AM,,P.ZZA OSPEDALE MAGGIORE 3,20162,MILANO,029143371,02914337200,Senza livello emergenza,
321,709,ASST DI LODI,030083,00,OSPEDALE DELMATI - SANT'ANGELO LODIGIANO,12,OSPEDALE A GESTIONE DIRETTA PRESIDIO DELLA AO,01/01/1984 12:00:00 AM,,STRADA PROVINCIALE 19,26866,SANT'ANGELO LODIGIANO,03712511,0371373298,Senza livello emergenza,
328,939,ISTITUTO MONDINO - PAVIA,030939,00,FOND.IST.NEUROL.C.MONDINO-PAVIA,32,ISTITUTO DI RICOVERO E CURA A CARATTERE SCIENTIFICO - PRIVATO,01/01/1995 12:00:00 AM,,"VIA MONDINO,2",27100,PAVIA,03823801,0382380206,Senza livello emergenza,
326,326,ATS DI BRESCIA,030362,00,RESIDENZA ANNI AZZURRI - REZZATO,51,CASA DI CURA ACCREDITATA A CONTRATTO,02/01/2006 12:00:00 AM,,"VIA SBERNA, 4/6",25086,REZZATO,030 2590742,0302791112,Senza livello emergenza,
325,719,ASST DI BERGAMO OVEST,030719,00,ASST DI BERGAMO OVEST,0,AZIENDA OSPEDALIERA,01/01/2016 12:00:00 AM,,P.LE OSPEDALE N. 1,24047,TREVIGLIO,03634241,,Senza livello emergenza,
328,727,ASST DI PAVIA,030727,00,ASST DI PAVIA,0,AZIENDA OSPEDALIERA,01/01/2016 12:00:00 AM,,VIALE REPUBBLICA N. 34,27100,PAVIA,0382530589,0382531174,Senza livello emergenza,
321,321,ATS DELLA CITTA' METROPOLITANA DI MILANO,030105,00,CASA DI CURA S. CAMILLO - MILANO,52,CASA DI CURA ACCREDITATA NON A CONTRATTO,05/01/1967 12:00:00 AM,,VIA MAURO MACCHI 5,20124,MILANO,02  675021,02 67502253,Senza livello emergenza,
323,714,ASST DELLA VALCAMONICA,030274,01,OSPEDALE VALCAMONICA - ESINE,12,OSPEDALE A GESTIONE DIRETTA PRESIDIO DELLA AO,12/01/1992 12:00:00 AM,,VIA MANZONI 142,25040,ESINE,03643691,0364369275,DEA-PS,
327,725,ASST DI MANTOVA,030725,00,ASST DI MANTOVA,0,AZIENDA OSPEDALIERA,01/01/2016 12:00:00 AM,,STRADA LAGO PAIOLO N. 10,46100,MANTOVA,03762011,0376324250,Senza livello emergenza,
326,721,ASST DEGLI SPEDALI CIVILI DI BRESCIA,030167,00,OSPEDALE DEI BAMBINI - BRESCIA,12,OSPEDALE A GESTIONE DIRETTA PRESIDIO DELLA AO,01/01/1988 12:00:00 AM,,P.LE SPEDALI CIVILI 1,25123,BRESCIA,030 39951,0303996108,EAS-PS,X
328,938,ISTITUTI CL. SCIENTIFICI MAUGERI SPA SB - PAVIA,030938,00,IRCCS CENTRO MEDICO DI PAVIA,32,ISTITUTO DI RICOVERO E CURA A CARATTERE SCIENTIFICO - PRIVATO,01/01/1995 12:00:00 AM,,"VIA SALVATORE MAUGERI, 10/10A",27100,PAVIA,03825921,0382592081,Senza livello emergenza,
321,936,IST.AUXOLOGICO ITALIANO,030936,01,IST.AUXOLOGICO ITALIANO-I.S. S.LUCA-MILANO,32,ISTITUTO DI RICOVERO E CURA A CARATTERE SCIENTIFICO - PRIVATO,01/01/1995 12:00:00 AM,,PIAZZALE BRESCIA 20,20149,MILANO,02619112448,02619112204,PS,
321,936,IST.AUXOLOGICO ITALIANO,030936,03,IRCCS OSPEDALE CAPITANIO,32,ISTITUTO DI RICOVERO E CURA A CARATTERE SCIENTIFICO - PRIVATO,05/01/2016 12:00:00 AM,,"VIA MERCALLI,28",20155,MILANO,02619112248,02619112204,Senza livello emergenza,
323,713,ASST DELLA VALTELLINA E DELL'ALTO LARIO,030042,00,OSPEDALE SONDRIO,12,OSPEDALE A GESTIONE DIRETTA PRESIDIO DELLA AO,01/01/1984 12:00:00 AM,,VIA STELVIO 25,23100,SONDRIO,0342521111,0342521368,DEA-PS,X
322,322,ATS DELL'INSUBRIA,030037,00,CASA DI CURA VILLA S. BENEDETTO-ALBESE,51,CASA DI CURA ACCREDITATA A CONTRATTO,03/01/1956 12:00:00 AM,,VIA ROMA 16,22032,ALBESE CON CASSANO,031 4291511,031427246,Senza livello emergenza,
321,707,ASST NORD MILANO,030051,00,P.O.  CITTA' DI SESTO S. GIOVANNI,12,OSPEDALE A GESTIONE DIRETTA PRESIDIO DELLA AO,01/01/2009 12:00:00 AM,,VIALE MATTEOTTI 83,20099,SESTO SAN GIOVANNI,0257999332,0257991,DEA-PS,X
325,325,ATS DI BERGAMO,030384,00,C.R.C. MALATTIE RARE ALDO E CELE DACCO'-RANICA,52,CASA DI CURA ACCREDITATA NON A CONTRATTO,04/01/2009 12:00:00 AM,,"VIA CAMOZZI,3",24020,RANICA,03545351,0354535371,Senza livello emergenza,
321,706,ASST RHODENSE,030066,00,OSPEDALE G.SALVINI-GARBAGNATE MIL.SE,12,OSPEDALE A GESTIONE DIRETTA PRESIDIO DELLA AO,01/01/1984 12:00:00 AM,,VIALE FORLANINI 95,20024,GARBAGNATE MILANESE,02 994301,02994302578,DEA-PS,
322,710,ASST DEI SETTE LAGHI,030901,00,PRESIDIO OSPEDALIERO DI VARESE,12,OSPEDALE A GESTIONE DIRETTA PRESIDIO DELLA AO,01/01/1995 12:00:00 AM,,VIALE LUIGI BORRI 57,21100,VARESE,0332278111,0332810703,EAS-PS-PPI,X
322,930,ISTITUTI CL. SCIENTIFICI MAUGERI SPA SB - TRADATE,030930,00,IRCCS CENTRO MEDICO TRADATE,32,ISTITUTO DI RICOVERO E CURA A CARATTERE SCIENTIFICO - PRIVATO,01/01/1995 12:00:00 AM,,"VIA RONCACCIO, 16",21049,TRADATE,0331829111,0331829155,Senza livello emergenza,
327,726,ASST DI CREMA,030209,00,OSPEDALE MAGGIORE - CREMA,12,OSPEDALE A GESTIONE DIRETTA PRESIDIO DELLA AO,01/01/1969 12:00:00 AM,,"LARGO UGO DOSSENA, 2",26013,CREMA,03732801,0373280337,DEA-PS,
326,326,ATS DI BRESCIA,030368,00,C.TRO RIAB.E.SPALENZA-FOND.DON GNOCCHI,51,CASA DI CURA ACCREDITATA A CONTRATTO,10/01/2006 12:00:00 AM,,"VIA GOLGI, 1",25038,ROVATO,03072451,0307245350,Senza livello emergenza,
326,326,ATS DI BRESCIA,030408,00,CENTRO CLINICO NEMO,51,CASA DI CURA ACCREDITATA A CONTRATTO,09/23/2020 12:00:00 AM,,VIA RICHIEDEI 16,25064,GUSSAGO,0306729100,,Senza livello emergenza,
328,727,ASST DI PAVIA,030203,00,OSPEDALE ASILO VITTORIA - MORTARA,12,OSPEDALE A GESTIONE DIRETTA PRESIDIO DELLA AO,01/01/1984 12:00:00 AM,,STRADA PAVESE 1125,27036,MORTARA,03842041,0384204261,PPI,
327,327,ATS DELLA VAL PADANA,030218,00,CASA DI CURA S. CAMILLO - CREMONA,51,CASA DI CURA ACCREDITATA A CONTRATTO,01/01/1995 12:00:00 AM,,"VIA MANTOVA, 113",26100,CREMONA,0372567111,0372433349,Senza livello emergenza,
322,322,ATS DELL'INSUBRIA,030030,00,OSPEDALE  VALDUCE,4,OSPEDALE CLASSIFICATO,01/01/1984 12:00:00 AM,,VIA DANTE ALIGHIERI 11,22100,COMO,031 324111,031308047,PS,X
322,322,ATS DELL'INSUBRIA,030397,00,CASA DI CURA LE TERRAZZE - CUNARDO,51,CASA DI CURA ACCREDITATA A CONTRATTO,01/01/2016 12:00:00 AM,,"VIA FOSCOLO, 6/B",21035,CUNARDO,0332992111,0332990074,Senza livello emergenza,
327,724,ASST DI CREMONA,030908,00,OSPEDALE DI CREMONA,12,OSPEDALE A GESTIONE DIRETTA PRESIDIO DELLA AO,01/01/1995 12:00:00 AM,,VIA LARGO PRIORI 1,26100,CREMONA,0372405111,0372405552,DEA-PS,X
324,324,ATS DELLA BRIANZA,030033,00,CASA DI CURA BEATO L.TALAMONI-LECCO,51,CASA DI CURA ACCREDITATA A CONTRATTO,01/01/1984 12:00:00 AM,,VIA SAN NICOLO' 12,23900,LECCO,0341274111,0341284033,Senza livello emergenza,
322,710,ASST DEI SETTE LAGHI,030012,00,OSPEDALE CARLO ONDOLI - ANGERA,12,OSPEDALE A GESTIONE DIRETTA PRESIDIO DELLA AO,01/01/1995 12:00:00 AM,,VIA BORDINI 9,21021,ANGERA,0331961292,0331931888,PS,
324,324,ATS DELLA BRIANZA,030107,00,ISTITUTI CLINICI ZUCCHI SPA-MONZA,51,CASA DI CURA ACCREDITATA A CONTRATTO,01/01/1984 12:00:00 AM,,VIA ZUCCHI 24,20900,MONZA,039 83831,039364886,PS,
326,721,ASST DEGLI SPEDALI CIVILI DI BRESCIA,030906,00,PRES.OSPEDAL.SPEDALI CIVILI BRESCIA,12,OSPEDALE A GESTIONE DIRETTA PRESIDIO DELLA AO,01/01/1995 12:00:00 AM,,P.LE SPEDALI CIVILI 1,25123,BRESCIA,030 39951,0303996108,EAS-PS,
324,717,ASST DELLA BRIANZA,030070,00,PRESIDIO OSPEDALIERO DI CARATE,12,OSPEDALE A GESTIONE DIRETTA PRESIDIO DELLA AO,01/01/1984 12:00:00 AM,,VIA MOSE' BIANCHI 9,20841,CARATE BRIANZA,03629841,039/6654568,PS,X
321,321,ATS DELLA CITTA' METROPOLITANA DI MILANO,030097,00,ISTITUTO CLINICO CITTA' STUDI - MILANO,51,CASA DI CURA ACCREDITATA A CONTRATTO,12/01/1945 12:00:00 AM,,VIA CATALANI 4 - SEDE LEGALE VIA AMPERE 47,20131,MILANO,02 23931,0223934093,DEA-PS,
321,321,ATS DELLA CITTA' METROPOLITANA DI MILANO,030112,00,IST.CLINICO S.AMBROGIO SPA-MILANO,51,CASA DI CURA ACCREDITATA A CONTRATTO,01/01/1984 12:00:00 AM,,VIA FARAVELLI 16,20149,MILANO,02  33127016,0233127040,PS,
324,716,ASST DI MONZA,030716,00,ASST DI MONZA,0,AZIENDA OSPEDALIERA,01/01/2016 12:00:00 AM,,VIA PERGOLESI N. 33,20900,MONZA,0392331,,Senza livello emergenza,
321,946,ISTITUTO ORTOPEDICO GALEAZZI SPA,030946,00,ISTITUTO ORTOPEDICO GALEAZZI SPA - MILANO,32,ISTITUTO DI RICOVERO E CURA A CARATTERE SCIENTIFICO - PRIVATO,01/01/2007 12:00:00 AM,,"VIA RICCARDO GALEAZZI, 4",20161,MILANO,02662141,0266214806,PS,
326,326,ATS DI BRESCIA,030275,00,ISTITUTO CLINICO S. ROCCO S.P.A. - OME,51,CASA DI CURA ACCREDITATA A CONTRATTO,06/01/1994 12:00:00 AM,,"VIA DEI SABBIONI, 24",25050,OME,03068591,0306852395,DEA-PS,
323,713,ASST DELLA VALTELLINA E DELL'ALTO LARIO,030904,00,OSPEDALE MORELLI - SONDALO,12,OSPEDALE A GESTIONE DIRETTA PRESIDIO DELLA AO,01/01/1995 12:00:00 AM,,VIA ZUBIANI 33,23039,SONDALO,0342808111,0342808299,PS-PPI,X
321,943,"ISTITUTO CLINICO ""HUMANITAS""-ROZZANO",030943,00,IST. CLIN. HUMANITAS - ROZZANO,32,ISTITUTO DI RICOVERO E CURA A CARATTERE SCIENTIFICO - PRIVATO,07/01/2005 12:00:00 AM,,"VIA MANZONI, 56",20089,ROZZANO,02  82241,0282242397,EAS-PS,
321,321,ATS DELLA CITTA' METROPOLITANA DI MILANO,030113,00,CASA DI CURA LA MADONNINA - MILANO,52,CASA DI CURA ACCREDITATA NON A CONTRATTO,01/01/1958 12:00:00 AM,,VIA QUADRONNO 29,20122,MILANO,0258395660,0258395463,Senza livello emergenza,
321,922,ISTITUTO NAZIONALE DEI TUMORI- MI,030922,00,"FOND.IRCCS ""ISTIT.NAZ.LE TUMORI""MILANO",33,ISTITUTO DI RICOVERO E CURA A CARATTERE SCIENTIFICO - FONDAZIONE,01/01/1995 12:00:00 AM,,"VIA VENEZIAN, 1",20133,MILANO,02  23901,,Senza livello emergenza,
323,714,ASST DELLA VALCAMONICA,030274,02,OSPEDALE VALCAMONICA - EDOLO,12,OSPEDALE A GESTIONE DIRETTA PRESIDIO DELLA AO,01/01/1996 12:00:00 AM,,PIAZZA DONATORI DI SANGUE 1,25048,EDOLO,036472742,0364772540,PS,
323,713,ASST DELLA VALTELLINA E DELL'ALTO LARIO,030045,00,OSPEDALE  MORBEGNO,12,OSPEDALE A GESTIONE DIRETTA PRESIDIO DELLA AO,01/01/1984 12:00:00 AM,,VIA MORELLI N.1,23017,MORBEGNO,0342607111,0342614070,PPI,
321,705,ASST OVEST MILANESE,030281,01,OSPEDALE CIVILE DI LEGNANO,12,OSPEDALE A GESTIONE DIRETTA PRESIDIO DELLA AO,01/01/1997 12:00:00 AM,,VIA PAPA GIOVANNI PAOLO II,20025,LEGNANO,0331449883,0331449970,EAS-PS,
328,940,ISTITUTI CL SCIENTIFICI MAUGERI SPA SB - MONTESCANO,030940,00,IRCCS CENTRO MEDICO MONTESCANO,32,ISTITUTO DI RICOVERO E CURA A CARATTERE SCIENTIFICO - PRIVATO,01/01/1995 12:00:00 AM,,VIA PER MONTESCANO  31,27040,MONTESCANO,03852471,038561386,Senza livello emergenza,
328,727,ASST DI PAVIA,030194,00,OSPEDALE CIVILE - VOGHERA,12,OSPEDALE A GESTIONE DIRETTA PRESIDIO DELLA AO,01/01/1988 12:00:00 AM,,VIA VOLTURNO 14,27058,VOGHERA,03836951,0383695988,DEA-PS,
324,716,ASST DI MONZA,030068,00,PRESIDIO OSPEDALIERO DI DESIO,12,OSPEDALE A GESTIONE DIRETTA PRESIDIO DELLA AO,01/01/1984 12:00:00 AM,,VIA MAZZINI 1,20832,DESIO,03623831,0362383218,DEA-PS,X
321,936,IST.AUXOLOGICO ITALIANO,030936,02,IST.AUXOLOGICO ITAL.-I.S. S.MICHELE-MILANO,32,ISTITUTO DI RICOVERO E CURA A CARATTERE SCIENTIFICO - PRIVATO,01/01/1995 12:00:00 AM,,VIA LUDOVICO ARIOSTO 13,20145,MILANO,02619112448,02619112204,Senza livello emergenza,
321,703,ASST FATEBENEFRATELLI SACCO,030910,00,OSPEDALE FATEBENEFRATELLI E OFTALMICO - MILANO,12,OSPEDALE A GESTIONE DIRETTA PRESIDIO DELLA AO,01/01/1995 12:00:00 AM,,"PIAZZA PRINCIPESSA CLOTILDE, 3",20121,MILANO,02636312274,0263632309,DEA-PS,X
326,326,ATS DI BRESCIA,030177,00,CASA DI CURA VILLA GEMMA-GARDONE RIV,51,CASA DI CURA ACCREDITATA A CONTRATTO,01/01/1984 12:00:00 AM,,VIA ZANARDELLI 101,25083,GARDONE RIVIERA,0365298000,0365290079,Senza livello emergenza,
324,715,ASST DI LECCO,030024,00,OSPEDALE DI CIRCOLO S.L.MANDIC-MERATE,12,OSPEDALE A GESTIONE DIRETTA PRESIDIO DELLA AO,01/01/1995 12:00:00 AM,,LARGO SAN LEOPOLDO MANDIC 1,23807,MERATE,039 59161,039/5916365,DEA-PS,
322,710,ASST DEI SETTE LAGHI,030901,02,OSPEDALE F. DEL PONTE - VARESE,12,OSPEDALE A GESTIONE DIRETTA PRESIDIO DELLA AO,01/01/2015 12:00:00 AM,,"VIA FILIPPO DEL PONTE, 19",21100,VARESE,0332299111,0332299406,PS-PPI,X
324,324,ATS DELLA BRIANZA,030381,00,FOND. MB PER IL BAMBINO E LA SUA MAMMA - MONZA,51,CASA DI CURA ACCREDITATA A CONTRATTO,01/01/2009 12:00:00 AM,,"VIA PERGOLESI,33",20900,MONZA,0392332164,0392332164,Senza livello emergenza,
327,327,ATS DELLA VAL PADANA,030259,00,CASA DI CURA S. CLEMENTE - MANTOVA,51,CASA DI CURA ACCREDITATA A CONTRATTO,02/01/1994 12:00:00 AM,,V.LE POMPILIO 65,46100,MANTOVA,03762071,0376207404,Senza livello emergenza,
322,322,ATS DELL'INSUBRIA,030032,00,IST.CLINICO VILLA APRICA SPA-COMO,51,CASA DI CURA ACCREDITATA A CONTRATTO,10/01/1931 12:00:00 AM,,VIA CASTELCARNASINO 10,22100,COMO,031 579411,031572409,Senza livello emergenza,
321,706,ASST RHODENSE,030706,00,ASST RHODENSE,0,AZIENDA OSPEDALIERA,01/01/2016 12:00:00 AM,,VIALE FORLANINI N. 95,20024,GARBAGNATE MILANESE,02994301,,Senza livello emergenza,
327,725,ASST DI MANTOVA,030239,00,OSP.CIVILE DESTRA SECCHIA-PIEVE CORIANO,12,OSPEDALE A GESTIONE DIRETTA PRESIDIO DELLA AO,01/01/1996 12:00:00 AM,,"VIA BUGATTE, 1",46020,BORGO MANTOVANO,0386717200,0386/717409,DEA-PS,
321,321,ATS DELLA CITTA' METROPOLITANA DI MILANO,030124,00,ISTITUTO STOMATOLOGICO ITALIANO - MILANO,51,CASA DI CURA ACCREDITATA A CONTRATTO,09/01/1974 12:00:00 AM,,VIA PACE 21,20122,MILANO,02 541761,02 5513071,Senza livello emergenza,
325,325,ATS DI BERGAMO,030149,00,ISTITUTO CLINICO QUARENGHI SRL,51,CASA DI CURA ACCREDITATA A CONTRATTO,01/01/1995 12:00:00 AM,,VIA SAN CARLO 70,24016,SAN PELLEGRINO TERME,034525111,034523158,Senza livello emergenza,
326,326,ATS DI BRESCIA,030294,00,CASA DI CURA  DOMUS SALUTIS - BRESCIA,51,CASA DI CURA ACCREDITATA A CONTRATTO,10/01/1997 12:00:00 AM,,VIA LAZZARETTO N. 3,25123,BRESCIA,03037091,0303709403,Senza livello emergenza,
324,324,ATS DELLA BRIANZA,030108,00,CASA DI CURA ZUCCHI - CARATE BRIANZA,51,CASA DI CURA ACCREDITATA A CONTRATTO,01/01/1984 12:00:00 AM,,PIAZZA MADONNINA N.1,20841,CARATE BRIANZA,0362 9861,0362 991438,Senza livello emergenza,
322,322,ATS DELL'INSUBRIA,030372,00,SINLAB ITALIA S.R.L. - COMO,52,CASA DI CURA ACCREDITATA NON A CONTRATTO,10/01/2007 12:00:00 AM,,"VIALE INNOCENZO XI, 70",22100,COMO,03127641995,03127641999,Senza livello emergenza,
321,321,ATS DELLA CITTA' METROPOLITANA DI MILANO,030100,00,CASA DI CURA IGEA - MILANO,51,CASA DI CURA ACCREDITATA A CONTRATTO,01/01/1984 12:00:00 AM,,VIA MARCONA 69,20129,MILANO,02701421,027385061,Senza livello emergenza,
322,712,ASST LARIANA,030022,00,OSPEDALE S. ANTONIO ABATE - CANTU',12,OSPEDALE A GESTIONE DIRETTA PRESIDIO DELLA AO,01/01/1984 12:00:00 AM,,VIA DOMEA 4,22063,CANTU',031 799111,031 799479,PS,
322,710,ASST DEI SETTE LAGHI,030710,00,ASST DEI SETTE LAGHI,0,AZIENDA OSPEDALIERA,01/01/2016 12:00:00 AM,,VIALE BORRI N. 57,21100,VARESE,0332278111,,PS,X
327,933,ISTITUTI CL. SCIENTIFICI MAUGERI SPA SB CASTEL GOFFREDO,030933,00,IRCCS CENTRO MEDICO DI CASTEL GOFFREDO,32,ISTITUTO DI RICOVERO E CURA A CARATTERE SCIENTIFICO - PRIVATO,01/01/1995 12:00:00 AM,,"VIA OSPEDALE, 36",46042,CASTEL GOFFREDO,037677471,0376779886,Senza livello emergenza,
326,723,ASST DEL GARDA,030183,00,OSPEDALE VILLA DEI COLLI DI LONATO,12,OSPEDALE A GESTIONE DIRETTA PRESIDIO DELLA AO,01/01/1988 12:00:00 AM,,VIA SAN CARLO 18  TRASF TEMPORANEO C/O PREVALLE (EX VIA ARRIGA ALTA),25080,LONATO DEL GARDA,030 9139411,0309145447,Senza livello emergenza,
326,722,ASST DELLA FRANCIACORTA,030722,00,ASST DELLA FRANCIACORTA,0,AZIENDA OSPEDALIERA,01/01/2016 12:00:00 AM,,VIALE MAZZINI N. 4,25032,CHIARI,0307102,,Senza livello emergenza,
324,324,ATS DELLA BRIANZA,030034,00,CASA DI CURA G.B. MANGIONI - LECCO,51,CASA DI CURA ACCREDITATA A CONTRATTO,12/01/1951 12:00:00 AM,,VIA LEONARDO DA VINCI 49,23900,LECCO,0341478258,0341285087,Senza livello emergenza,
321,946,ISTITUTO ORTOPEDICO GALEAZZI SPA,030946,02,IST.CLINICO S.SIRO SPA-MILANO,32,ISTITUTO DI RICOVERO E CURA A CARATTERE SCIENTIFICO - PRIVATO,01/01/2020 12:00:00 AM,,VIA MONREALE 18,20148,MILANO,02487851,0248785233,Senza livello emergenza,
321,947,IST.POLICL.S.DONATO SPA-S.DONATO M.,030947,00,I.R.C.C.S. POLICLINICO SAN DONATO,32,ISTITUTO DI RICOVERO E CURA A CARATTERE SCIENTIFICO - PRIVATO,01/01/2007 12:00:00 AM,,"VIA MORANDI, 30",20097,SAN DONATO MILANESE,02  527741,025774717,DEA-PS,
325,325,ATS DI BERGAMO,030144,00,CASA DI CURA BEATO PALAZZOLO - BERGAMO,51,CASA DI CURA ACCREDITATA A CONTRATTO,01/01/1934 12:00:00 AM,,VIA S.BERNARDINO 56,24122,BERGAMO,035 389111,035 223238,Senza livello emergenza,
324,717,ASST DELLA BRIANZA,030082,00,P.O. TRABATTONI RONZONI DI SEREGNO,12,OSPEDALE A GESTIONE DIRETTA PRESIDIO DELLA AO,01/01/1984 12:00:00 AM,,VIA VERDI 2,20831,SEREGNO,03623854,0396654568,Senza livello emergenza,
321,321,ATS DELLA CITTA' METROPOLITANA DI MILANO,030125,00,CASA DI CURA AMBROSIANA SPA-CESANO B.,51,CASA DI CURA ACCREDITATA A CONTRATTO,04/01/1967 12:00:00 AM,,PIAZZA MONS. MONETA 1,20090,CESANO BOSCONE,02 458761,024500706,Senza livello emergenza,
321,321,ATS DELLA CITTA' METROPOLITANA DI MILANO,030103,00,CASA DI CURA PALAZZOLO-FOND.DON GNOCCHI,51,CASA DI CURA ACCREDITATA A CONTRATTO,04/01/1970 12:00:00 AM,,VIA DON L. PALAZZOLO 21,20149,MILANO,0239701,0239210325,Senza livello emergenza,
326,723,ASST DEL GARDA,030161,00,PRESIDIO OSPEDALIERO DI SALO',12,OSPEDALE A GESTIONE DIRETTA PRESIDIO DELLA AO,01/01/1988 12:00:00 AM,,PIAZZA BRESCIANI 5,25087,SALO',03652971,0309145447,Senza livello emergenza,
323,713,ASST DELLA VALTELLINA E DELL'ALTO LARIO,030713,00,ASST DELLA VALTELLINA E DELL'ALTO LARIO,0,AZIENDA OSPEDALIERA,01/01/2016 12:00:00 AM,,VIA STELVIO N. 25,23100,SONDRIO,0342521111,0342521951,Senza livello emergenza,
321,321,ATS DELLA CITTA' METROPOLITANA DI MILANO,030363,00,RESIDENZA ANNI AZZURRI MIRASOLE - OPERA,51,CASA DI CURA ACCREDITATA A CONTRATTO,12/01/2005 12:00:00 AM,,"VIA P. BORSELLINO, 6 - LOC. NOVERASCO",20090,OPERA,02 576911,0257607098,Senza livello emergenza,
321,321,ATS DELLA CITTA' METROPOLITANA DI MILANO,030096,00,CASA DI CURA DEL POLICLINICO - MILANO,51,CASA DI CURA ACCREDITATA A CONTRATTO,05/01/1992 12:00:00 AM,,VIA G. DEZZA 48,20144,MILANO,02  485931,0248593519,Senza livello emergenza,
327,725,ASST DI MANTOVA,030227,01,PRESIDIO OSPEDALIERO - ASOLA,12,OSPEDALE A GESTIONE DIRETTA PRESIDIO DELLA AO,01/01/2014 12:00:00 AM,,"PIAZZA 80° FANTERIA, 1",46041,ASOLA,03767211,0376720189,PS,
321,321,ATS DELLA CITTA' METROPOLITANA DI MILANO,030101,00,CASA DI CURA VILLA LETIZIA - MILANO,52,CASA DI CURA ACCREDITATA NON A CONTRATTO,11/01/1977 12:00:00 AM,,"VIA G.DONIZETTI, 10/12",20122,MILANO,02 76002077,0276013115,Senza livello emergenza,
328,727,ASST DI PAVIA,030192,00,OSPEDALE SS.ANNUNZIATA - VARZI,12,OSPEDALE A GESTIONE DIRETTA PRESIDIO DELLA AO,01/01/1988 12:00:00 AM,,VIA REPETTI  2,27057,VARZI,03835471,0383547306,PS,
321,923,ISTITUTO NEUROLOGICO BESTA - MI,030923,00,FOND.IRCCS IST.NAZ.NEUROLOGICO C.BESTA-MILANO,33,ISTITUTO DI RICOVERO E CURA A CARATTERE SCIENTIFICO - FONDAZIONE,01/01/1995 12:00:00 AM,,VIA CELORIA 11,20133,MILANO,0223941,0270638217,Senza livello emergenza,
325,325,ATS DI BERGAMO,030148,00,POLICLINICO SAN PIETRO  - PONTE S. PIETRO,51,CASA DI CURA ACCREDITATA A CONTRATTO,01/01/1984 12:00:00 AM,,"VIA FORLANINI, 15",24036,PONTE SAN PIETRO,035 604111,035 604420,DEA-PS,X
321,321,ATS DELLA CITTA' METROPOLITANA DI MILANO,030367,00,OSPEDALE S. GIUSEPPE - MILANO,4,OSPEDALE CLASSIFICATO,08/01/2006 12:00:00 AM,,VIA S. VITTORE 12,15146,MILANO,0285994869,0285994800,PS,
322,711,ASST DELLA VALLE OLONA,030009,00,OSPEDALE A.BELLINI - SOMMA LOMBARDO,12,OSPEDALE A GESTIONE DIRETTA PRESIDIO DELLA AO,01/01/1984 12:00:00 AM,,VIA BELLINI 29,21019,SOMMA LOMBARDO,0331751804,0331751810,PPI,
323,714,ASST DELLA VALCAMONICA,030714,00,ASST DELLA VALCAMONICA,0,AZIENDA OSPEDALIERA,01/01/2016 12:00:00 AM,,VIA NISSOLINA N. 2,25043,BRENO,03643291,0364329310,Senza livello emergenza,
321,321,ATS DELLA CITTA' METROPOLITANA DI MILANO,030266,00,CASA DI CURA COLUMBUS - MILANO,52,CASA DI CURA ACCREDITATA NON A CONTRATTO,01/01/1984 12:00:00 AM,,VIA BUONARROTI 48,20145,MILANO,02480801,0248080635,Senza livello emergenza,
321,948,CASA DI CURA MULTIMEDICA  S.P.A. SPA-SESTO S.G.,030948,00,IRCCS MULTIMEDICA - MILANO,32,ISTITUTO DI RICOVERO E CURA A CARATTERE SCIENTIFICO - PRIVATO,01/01/2007 12:00:00 AM,,"VIA MILANESE, 300",20099,SESTO SAN GIOVANNI,02  24209268,02 22476125,DEA-PS,
326,721,ASST DEGLI SPEDALI CIVILI DI BRESCIA,030721,00,ASST DEGLI SPEDALI CIVILI DI BRESCIA,0,AZIENDA OSPEDALIERA,01/01/2016 12:00:00 AM,,PIAZZALE SPEDALI CIVILI N. 1,25123,BRESCIA,0303996515,0303996108,Senza livello emergenza,
322,322,ATS DELL'INSUBRIA,030015,00,CASA DI CURA SANTA MARIA - CASTELLANZA,51,CASA DI CURA ACCREDITATA A CONTRATTO,04/01/1997 12:00:00 AM,,"VIALE PIEMONTE, 70",21053,CASTELLANZA,0331393111,0331630990,Senza livello emergenza,
327,724,ASST DI CREMONA,030724,00,ASST DI CREMONA,0,AZIENDA OSPEDALIERA,01/01/2016 12:00:00 AM,,VIALE CONCORDIA N. 1,26100,CREMONA,0372405205,0372431975,Senza livello emergenza,
321,941,ISTITUTO EUROPEO DI ONCOLOGIA,030941,00,ISTITUTO EUROPEO DI ONCOLOGIA-MILANO,32,ISTITUTO DI RICOVERO E CURA A CARATTERE SCIENTIFICO - PRIVATO,01/01/1995 12:00:00 AM,,"VIA RIPAMONTI, 435",20141,MILANO,02  57489281,,Senza livello emergenza,
325,719,ASST DI BERGAMO OVEST,030138,00,OSP.LE SS.TRINITA'-ROMANO DI LOMBARDIA,12,OSPEDALE A GESTIONE DIRETTA PRESIDIO DELLA AO,01/01/1984 12:00:00 AM,,VIA SAN FRANCESCO D'ASSISI 12,24058,ROMANO DI LOMBARDIA,0363 9901,0363 990209,PS,
327,725,ASST DI MANTOVA,030227,02,PRES. RIABIL. MULTIFUNZ. BOZZOLO,12,OSPEDALE A GESTIONE DIRETTA PRESIDIO DELLA AO,01/01/2014 12:00:00 AM,,"VIA XXV APRILE, 71",46012,BOZZOLO,03769091,0376909343,Senza livello emergenza,
321,702,ASST SANTI PAOLO E CARLO,030915,00,OSPEDALE S. CARLO BORROMEO - MILANO,12,OSPEDALE A GESTIONE DIRETTA PRESIDIO DELLA AO,01/01/1995 12:00:00 AM,,VIA PIO II 3,20153,MILANO,02  40221,02 40072520,DEA-PS,
326,723,ASST DEL GARDA,030184,00,OSPEDALE DI MANERBIO,12,OSPEDALE A GESTIONE DIRETTA PRESIDIO DELLA AO,01/01/1984 12:00:00 AM,,VIA LUNGOMELLA VALSECCHI NR. 2,25025,MANERBIO,030 99291,0309145447,DEA-PS,
321,321,ATS DELLA CITTA' METROPOLITANA DI MILANO,030352,00,POLO GERIATRICO RIABILITATIVO-CINISELLO,51,CASA DI CURA ACCREDITATA A CONTRATTO,01/01/2009 12:00:00 AM,,"VIA DEI LAVORATORI, 133",20092,CINISELLO BALSAMO,0261837911,0261290998,Senza livello emergenza,
321,949,ISTITUTI CL. SCIENTIFICI MAUGERI SPA SB - MILANO,030949,00,IRCCS IST. SCIENTIFICO DI RIABILITAZIONE - MI,32,ISTITUTO DI RICOVERO E CURA A CARATTERE SCIENTIFICO - PRIVATO,12/01/2010 12:00:00 AM,,"VIA CAMALDOLI, 64",20138,MILANO,02507259,0250725202,Senza livello emergenza,
322,712,ASST LARIANA,030902,00,OSPEDALE S. ANNA - COMO,12,OSPEDALE A GESTIONE DIRETTA PRESIDIO DELLA AO,01/01/1995 12:00:00 AM,,VIA RAVONA 20,22020,SAN FERMO DELLA BATTAGLIA,031 5851,031 5859892,EAS-PS,X
322,712,ASST LARIANA,030025,00,OSPEDALE F. VILLA - MARIANO COMENSE,12,OSPEDALE A GESTIONE DIRETTA PRESIDIO DELLA AO,01/01/1984 12:00:00 AM,12/31/2020 12:00:00 AM,VIA ISONZO 42/B,22066,MARIANO COMENSE,031 755111,031 799479,Senza livello emergenza,
326,326,ATS DI BRESCIA,030348,00,CASA DI CURA VILLA BARBARANO - SALO',51,CASA DI CURA ACCREDITATA A CONTRATTO,10/01/2002 12:00:00 AM,,"VIA SPIAGGIA D'ORO, 21",25087,SALO',0365298300,036522292,Senza livello emergenza,
328,924,POLICLINICO S. MATTEO - PV,030924,00,POLICLINICO S. MATTEO - PAVIA,33,ISTITUTO DI RICOVERO E CURA A CARATTERE SCIENTIFICO - FONDAZIONE,01/01/1995 12:00:00 AM,,"VIALE GOLGI, 19",27100,PAVIA,03825011,0382503139,EAS-PS,X
326,932,ISTITUTI CL. SCIENTIFICI MAUGERI SPA SB - LUMEZZANE,030932,00,IRCCS CENTRO MEDICO DI LUMEZZANE,32,ISTITUTO DI RICOVERO E CURA A CARATTERE SCIENTIFICO - PRIVATO,01/01/1995 12:00:00 AM,,"VIA MAZZINI, 129",25065,LUMEZZANE,0308253011,0308920262,Senza livello emergenza,
322,710,ASST DEI SETTE LAGHI,030282,01,OSPED.CIRCOLO CAUSA PIA LUVINI-CITTIGLIO,12,OSPEDALE A GESTIONE DIRETTA PRESIDIO DELLA AO,01/01/1995 12:00:00 AM,,"VIA LUVINI, 1",21033,CITTIGLIO,0332607111,0332604914,PS,
324,715,ASST DI LECCO,030023,00,OSPEDALE  UMBERTO I -  BELLANO,12,OSPEDALE A GESTIONE DIRETTA PRESIDIO DELLA AO,01/01/1995 12:00:00 AM,,VIA CARLO ALBERTO 25,23822,BELLANO,0341829111,0341/829115,Senza livello emergenza,
321,706,ASST RHODENSE,030073,00,OSPEDALE DI CIRCOLO - RHO,12,OSPEDALE A GESTIONE DIRETTA PRESIDIO DELLA AO,01/01/1988 12:00:00 AM,,CORSO EUROPA N. 250,20017,RHO,02  994301,,DEA-PS,X
321,321,ATS DELLA CITTA' METROPOLITANA DI MILANO,030121,00,CASA DI CURA S. PIO X - MILANO,51,CASA DI CURA ACCREDITATA A CONTRATTO,06/01/1966 12:00:00 AM,,VIA FRANCESCO NAVA 31,20159,MILANO,02 69511,0266800220,Senza livello emergenza,
321,705,ASST OVEST MILANESE,030281,02,OSPEDALE DI CUGGIONO,12,OSPEDALE A GESTIONE DIRETTA PRESIDIO DELLA AO,01/01/1997 12:00:00 AM,,VIA BADI 4,20012,CUGGIONO,0297331,029733301,PS,
322,712,ASST LARIANA,030712,00,ASST LARIANA,0,AZIENDA OSPEDALIERA,01/01/2016 12:00:00 AM,,VIA NAPOLEONA N. 60,22100,COMO,0315851,0315859892,Senza livello emergenza,
321,946,ISTITUTO ORTOPEDICO GALEAZZI SPA,030946,01,ISTITUTO ORTOPEDICO GALEAZZI SPA - MILANO,32,ISTITUTO DI RICOVERO E CURA A CARATTERE SCIENTIFICO - PRIVATO,01/01/2007 12:00:00 AM,,"VIA RICCARDO GALEAZZI, 4",20161,MILANO,02662141,0266214806,PS,
321,709,ASST DI LODI,030080,00,OSPEDALE ROSSI - CASALPUSTERLENGO,12,OSPEDALE A GESTIONE DIRETTA PRESIDIO DELLA AO,01/01/1984 12:00:00 AM,,VIA FLEMING 1,26841,CASALPUSTERLENGO,03779241,0377924808,Senza livello emergenza,
322,710,ASST DEI SETTE LAGHI,030282,02,OSPEDALE LUINI CONFALONIERI - LUINO,12,OSPEDALE A GESTIONE DIRETTA PRESIDIO DELLA AO,01/01/1995 12:00:00 AM,,VIA FORLANINI 6,21016,LUINO,0332539111,0332539390,PS,
322,322,ATS DELL'INSUBRIA,030388,00,IST. RIV. E CURA-GRUPPO ISENI SANITA',52,CASA DI CURA ACCREDITATA NON A CONTRATTO,11/16/2009 12:00:00 AM,,"VIA F. FILZI, 3",21015,LONATE POZZOLO,0331660185,0331660493,Senza livello emergenza,
321,706,ASST RHODENSE,030283,00,OSPEDALE G.CASATI-PASSIRANA RHO,12,OSPEDALE A GESTIONE DIRETTA PRESIDIO DELLA AO,07/01/1996 12:00:00 AM,,VIA SETTEMBRINI 1,20017,RHO,02  994301,,Senza livello emergenza,
325,718,ASST PAPA GIOVANNI XXIII,030905,00,OSPEDALE PAPA GIOVANNI XXIII - BG,12,OSPEDALE A GESTIONE DIRETTA PRESIDIO DELLA AO,01/01/1995 12:00:00 AM,,"PIAZZA OMS, 1",24127,BERGAMO,035267111,0352674100,EAS-PS,X
321,935,S. RAFFAELE- MI,030935,00,IRCCS    S. RAFFAELE - MILANO,32,ISTITUTO DI RICOVERO E CURA A CARATTERE SCIENTIFICO - PRIVATO,01/01/1995 12:00:00 AM,,"VIA OLGETTINA, 60",20132,MILANO,02  26431,02 2643 2453,EAS-PS,X
321,321,ATS DELLA CITTA' METROPOLITANA DI MILANO,030116,00,CLINICA POLISPECIALISTICA SAN CARLO - s.r.l.,51,CASA DI CURA ACCREDITATA A CONTRATTO,06/01/1968 12:00:00 AM,,VIA OSPEDALE 21,20037,PADERNO DUGNANO,02 990381,0299038223,DEA-PS,
326,326,ATS DI BRESCIA,030178,00,IST.CLIN. CITTA' DI BRESCIA - BRESCIA,51,CASA DI CURA ACCREDITATA A CONTRATTO,07/01/1961 12:00:00 AM,,"VIA B. GUALLA, 15",25128,BRESCIA,03037101,0303710444,PS,
321,701,ASST GRANDE OSPEDALE METROPOLITANO NIGUARDA,030913,00,OSPEDALE CA' GRANDA-NIGUARDA - MILANO,12,OSPEDALE A GESTIONE DIRETTA PRESIDIO DELLA AO,01/01/1995 12:00:00 AM,,PIAZZA OSPEDALE MAGGIORE 3,20162,MILANO,02  64441,026420901,EAS-PS,X
321,704,ASST CENTRO SPEC. ORT. TRAUMATOLOGICO G.PINI/CTO,030704,00,ASST SPEC.ORT.TRAUMATOLOGICO G.PINI/CTO,0,AZIENDA OSPEDALIERA,01/01/2016 12:00:00 AM,,"PIAZZA A. CARDINAL FERRARI, 1",20122,MILANO,02582961,0258296500,Senza livello emergenza,
324,920,INRCA CENTRO PER LE BRONC. - CASATENOVO,030920,00,I.N.R.C.A.- PRESIDIO DI CASATENOVO,31,ISTITUTO DI RICOVERO E CURA A CARATTERE SCIENTIFICO - PUBBLICO,01/01/1995 12:00:00 AM,,"VIA MONTEREGIO, 13",23880,CASATENOVO,039 92321,0399232267,Senza livello emergenza,
322,710,ASST DEI SETTE LAGHI,030282,00,PRESIDIO OSPEDALIERO DEL VERBANO,12,OSPEDALE A GESTIONE DIRETTA PRESIDIO DELLA AO,01/01/1995 12:00:00 AM,,VIA LUVINI 1,21033,CITTIGLIO,0332607111,0332604914,PS,
321,704,ASST CENTRO SPEC. ORT. TRAUMATOLOGICO G.PINI/CTO,030912,00,P.O. CENTRO TRAUMATOLOGICO ORTOPEDICO - MILANO,12,OSPEDALE A GESTIONE DIRETTA PRESIDIO DELLA AO,01/01/1995 12:00:00 AM,,"VIA BIGNAMI, 1",20126,MILANO,02582961,0258296500,PS,
328,727,ASST DI PAVIA,030191,00,OSPEDALE S.MARTINO - MEDE,12,OSPEDALE A GESTIONE DIRETTA PRESIDIO DELLA AO,01/01/1984 12:00:00 AM,,VIALE DEI MILLE 23,27035,MEDE,03848081,0384808390,PPI,
321,705,ASST OVEST MILANESE,030074,01,OSPEDALE G. FORNAROLI MAGENTA,12,OSPEDALE A GESTIONE DIRETTA PRESIDIO DELLA AO,01/01/2018 12:00:00 AM,,VIA AL DONATORE DI SANGUE   N.50,20013,MAGENTA,02979631,0297963235,DEA-PS,X
326,723,ASST DEL GARDA,030157,00,OSPEDALE CIVILE LA MEMORIA DI GAVARDO,12,OSPEDALE A GESTIONE DIRETTA PRESIDIO DELLA AO,01/01/1988 12:00:00 AM,,VIA ANDREA GOSA 74,25085,GAVARDO,03653781,0309145477,PS,
325,718,ASST PAPA GIOVANNI XXIII,030132,00,OSPEDALE CIVILE - S.GIOVANNI BIANCO,12,OSPEDALE A GESTIONE DIRETTA PRESIDIO DELLA AO,01/01/1995 12:00:00 AM,,VIA CASTELLI 5,24015,SAN GIOVANNI BIANCO,0345 27111,0345 43508,PS,
321,703,ASST FATEBENEFRATELLI SACCO,030056,00,PRESIDIO OSPED. V. BUZZI - MILANO,12,OSPEDALE A GESTIONE DIRETTA PRESIDIO DELLA AO,01/01/1995 12:00:00 AM,,VIA CASTELVETRO 32,20154,MILANO,02  57991,0257995301,PS,X
323,713,ASST DELLA VALTELLINA E DELL'ALTO LARIO,030044,00,OSPEDALE DI CHIAVENNA,12,OSPEDALE A GESTIONE DIRETTA PRESIDIO DELLA AO,01/01/1984 12:00:00 AM,,VIA CERERIA 4,23022,CHIAVENNA,034367111,034367380,PS,
326,722,ASST DELLA FRANCIACORTA,030154,00,PRESIDIO OSPEDALIERO DI CHIARI,12,OSPEDALE A GESTIONE DIRETTA PRESIDIO DELLA AO,01/01/1984 12:00:00 AM,,VIALE MAZZINI 8,25032,CHIARI,03071021,0307109170,DEA-PS,
326,942,OSP.LE SACRO CUORE F.B.F. - BRESCIA,030942,00,IRCCS S.GIOVANNI DI DIO-FBF- BRESCIA,32,ISTITUTO DI RICOVERO E CURA A CARATTERE SCIENTIFICO - PRIVATO,12/01/1996 12:00:00 AM,,VIA PILASTRONI N°4,25125,BRESCIA,03035011,030348255,Senza livello emergenza,
322,322,ATS DELL'INSUBRIA,030017,00,CASA DI CURA MATER DOMINI - CASTELLANZA,51,CASA DI CURA ACCREDITATA A CONTRATTO,01/01/1984 12:00:00 AM,,VIA GERENZANO 2,21053,CASTELLANZA,0331476111,0331476204,PS,
326,723,ASST DEL GARDA,030158,00,OSPEDALE DI LENO,12,OSPEDALE A GESTIONE DIRETTA PRESIDIO DELLA AO,01/01/1984 12:00:00 AM,,"P.ZZA DONATORI DI SANGUE, 1",25024,LENO,030 90541,0309145447,Senza livello emergenza,
324,716,ASST DI MONZA,030909,00,OSPEDALE S.GERARDO - MONZA,12,OSPEDALE A GESTIONE DIRETTA PRESIDIO DELLA AO,01/01/1995 12:00:00 AM,,"VIA PERGOLESI, 33",20900,MONZA,039 2333330,0392333263,EAS-PS,X
326,326,ATS DI BRESCIA,030176,00,ISTITUTO CLINICO  S. ANNA - BRESCIA,51,CASA DI CURA ACCREDITATA A CONTRATTO,01/01/1984 12:00:00 AM,,VIA DEL FRANZONE 31,25127,BRESCIA,0303197182,0303197635,PS,
328,328,ATS DI PAVIA,030197,00,CASA DI CURA VILLA ESPERIA,51,CASA DI CURA ACCREDITATA A CONTRATTO,01/01/1988 12:00:00 AM,,"V.LE DEI SALICI, 35",27052,GODIASCO SALICE TERME,0383945211,0383945208,Senza livello emergenza,
324,324,ATS DELLA BRIANZA,030284,00,CENTRO DI RIABIL.VILLA BERETTA-COSTA M,4,OSPEDALE CLASSIFICATO,01/01/1997 12:00:00 AM,,"VIA NAZARIO SAURO, 17",23845,COSTA MASNAGA,031 8544211,0318544347,Senza livello emergenza,
324,324,ATS DELLA BRIANZA,030106,00,CASA DI CURA POLICLINICO - MONZA,51,CASA DI CURA ACCREDITATA A CONTRATTO,01/01/1984 12:00:00 AM,,VIA AMATI N.111,20900,MONZA,039 28101,039 2810470,PS,
327,726,ASST DI CREMA,030215,00,OSPEDALE S. MARTA - RIVOLTA D'ADDA,12,OSPEDALE A GESTIONE DIRETTA PRESIDIO DELLA AO,01/01/1984 12:00:00 AM,,VIALE MONTE GRAPPA 15,26027,RIVOLTA D'ADDA,03633781,0363378266,PPI,
324,715,ASST DI LECCO,030903,00,OSPEDALE DI CIRCOLO A. MANZONI - LECCO,12,OSPEDALE A GESTIONE DIRETTA PRESIDIO DELLA AO,01/01/1995 12:00:00 AM,,"VIA DELL'EREMO, 9/11",23900,LECCO,848884422,0341/489000,DEA-PS,
321,703,ASST FATEBENEFRATELLI SACCO,030057,00,OSPEDALE M. MELLONI - MILANO,12,OSPEDALE A GESTIONE DIRETTA PRESIDIO DELLA AO,01/01/1984 12:00:00 AM,,VIA MACEDONIO MELLONI 52,20129,MILANO,02  63633228,0263633241,PS,X
321,701,ASST GRANDE OSPEDALE METROPOLITANO NIGUARDA,030701,00,ASST GRANDE OSPEDALE METROPOLITANO NIGUARDA,0,AZIENDA OSPEDALIERA,01/01/2016 12:00:00 AM,,PIAZZA OSPEDALE MAGGIORE N. 3,20162,MILANO,0264441,,Senza livello emergenza,
322,710,ASST DEI SETTE LAGHI,030901,03,OSPEDALE DI CUASSO - CUASSO AL MONTE,12,OSPEDALE A GESTIONE DIRETTA PRESIDIO DELLA AO,01/01/2015 12:00:00 AM,,VIA IMBORGNANA 7,21050,CUASSO AL MONTE,0332910111,0332910279,Senza livello emergenza,
321,705,ASST OVEST MILANESE,030281,00,OSPEDALE DI LEGNANO E CUGGIONO-LEGNANO,12,OSPEDALE A GESTIONE DIRETTA PRESIDIO DELLA AO,01/01/1997 12:00:00 AM,,VIA PAPA GIOVANNI PAOLO II,20025,LEGNANO,0331449883,0331449970,DEA-PS,
325,718,ASST PAPA GIOVANNI XXIII,030718,00,ASST PAPA GIOVANNI XXIII,0,AZIENDA OSPEDALIERA,01/01/2016 12:00:00 AM,,PIAZZA ORGANIZZAZIONE MONDIALE DELLA SANITA' N.1,24127,BERGAMO,035267111,,Senza livello emergenza,
326,721,ASST DEGLI SPEDALI CIVILI DI BRESCIA,030162,00,PRESIDIO OSPEDALIERO GARDONE V.T.,12,OSPEDALE A GESTIONE DIRETTA PRESIDIO DELLA AO,01/01/1984 12:00:00 AM,,VIA GIOVANNI XXIII N.4,25063,GARDONE VAL TROMPIA,030 89331,0308933274,PS,
328,328,ATS DI PAVIA,030198,00,ISTITUTO CLINICO BEATO MATTEO,51,CASA DI CURA ACCREDITATA A CONTRATTO,01/01/1984 12:00:00 AM,,C.SO PAVIA 84,27029,VIGEVANO,03813011,0381347414,PS,
325,719,ASST DI BERGAMO OVEST,030131,00,OSPEDALE DI TREVIGLIO E CARAVAGGIO,12,OSPEDALE A GESTIONE DIRETTA PRESIDIO DELLA AO,01/01/1984 12:00:00 AM,,PIAZZALE OSPEDALE 1,24047,TREVIGLIO,0363 4241,0363 424529,DEA-PS,X
325,325,ATS DI BERGAMO,030356,00,ISTITUTO CLINICO HABILITA - CISERANO,51,CASA DI CURA ACCREDITATA A CONTRATTO,05/01/2004 12:00:00 AM,,"VIA BOLOGNA, 1",24040,CISERANO,035 4815511,035 882402,Senza livello emergenza,
322,322,ATS DELL'INSUBRIA,030364,00,FOND. GAETANO E PIERA BORGHI - BREBBIA,51,CASA DI CURA ACCREDITATA A CONTRATTO,10/01/2005 12:00:00 AM,,"VIA PETRARCA, 33",21026,BREBBIA,0332971333,0332971335,Senza livello emergenza,
321,934,FOND. MONZINO - CENTRO CARDIOLOGICO- MI,030934,00,"CENTRO CARDIOLOGICO ""FOND. MONZINO"" - MILANO",32,ISTITUTO DI RICOVERO E CURA A CARATTERE SCIENTIFICO - PRIVATO,01/01/1995 12:00:00 AM,,"VIA CARLO PAREA, 4",20138,MILANO,02  58002.1,0258002259,PS,
327,725,ASST DI MANTOVA,030907,00,OSPEDALE C. POMA - MANTOVA,12,OSPEDALE A GESTIONE DIRETTA PRESIDIO DELLA AO,01/01/1995 12:00:00 AM,,STRADA LAGO PAIOLO 10,46100,MANTOVA,03762011,0376/324250,DEA-PS,X
321,937,PRO JOVENTUDE DON C. GNOCCHI - MI,030937,00,IRCCS S.M.NASCENTE-FOND.DON C.GNOCCHI-MILANO,32,ISTITUTO DI RICOVERO E CURA A CARATTERE SCIENTIFICO - PRIVATO,01/01/1995 12:00:00 AM,,"VIA CAPECELATRO, 66",20148,MILANO,0240308226,0240092297,Senza livello emergenza,
328,727,ASST DI PAVIA,030383,00,NUOVO OSPEDALE DI BRONI E STRADELLA,12,OSPEDALE A GESTIONE DIRETTA PRESIDIO DELLA AO,01/01/2009 12:00:00 AM,,VIA ACHILLI 3,27049,STRADELLA,03855821,0385582023,PS,
322,711,ASST DELLA VALLE OLONA,030006,00,OSP. S. ANTONIO ABATE - GALLARATE,12,OSPEDALE A GESTIONE DIRETTA PRESIDIO DELLA AO,01/01/1984 12:00:00 AM,,VIA PASTORI 4,21013,GALLARATE,0331751254,0331751259,DEA-PS,
322,322,ATS DELL'INSUBRIA,030038,00,CASA DI CURA LE BETULLE-APPIANO GENTILE,52,CASA DI CURA ACCREDITATA NON A CONTRATTO,04/01/1966 12:00:00 AM,,VIALE ITALIA 33,22070,APPIANO GENTILE,031 973311,031931456,Senza livello emergenza,
323,714,ASST DELLA VALCAMONICA,030274,00,OSPEDALE VALCAMONICA - ESINE,12,OSPEDALE A GESTIONE DIRETTA PRESIDIO DELLA AO,12/01/1992 12:00:00 AM,,VIA MANZONI  142,25040,ESINE,03643691,0364369275,DEA-PS,
327,327,ATS DELLA VAL PADANA,030219,00,CASA DI CURA FIGLIE DI S.CAMILLO-CR,51,CASA DI CURA ACCREDITATA A CONTRATTO,01/01/1995 12:00:00 AM,,VIA F. FILZI 56,26100,CREMONA,0372421111,0372421133,Senza livello emergenza,
326,723,ASST DEL GARDA,030156,00,OSPEDALE DI DESENZANO,12,OSPEDALE A GESTIONE DIRETTA PRESIDIO DELLA AO,01/01/1988 12:00:00 AM,,LOC. MONTECROCE,25015,DESENZANO DEL GARDA,030 91451,0309145447,DEA-PS,
328,328,ATS DI PAVIA,030201,00,CASA DI CURA CITTADELLA SOCIALE,51,CASA DI CURA ACCREDITATA A CONTRATTO,01/01/1984 12:00:00 AM,,VIA AVANZA 8,27037,PIEVE DEL CAIRO,0384831811,0384831817,Senza livello emergenza,
321,709,ASST DI LODI,030079,00,OSPEDALE CIVICO - CODOGNO,12,OSPEDALE A GESTIONE DIRETTA PRESIDIO DELLA AO,01/01/1983 12:00:00 AM,,VIALE MARCONI 1,26845,CODOGNO,0377465.1,0377465303,PS,
327,725,ASST DI MANTOVA,030227,00,PRESIDIO OSPEDALIERO - ASOLA,12,OSPEDALE A GESTIONE DIRETTA PRESIDIO DELLA AO,01/01/1988 12:00:00 AM,,"PIAZZA 80° FANTERIA, 1",46041,ASOLA,03767211,0376/720189,PS,
328,328,ATS DI PAVIA,030202,00,IST.DI CURA CITTA'DI PAVIA,51,CASA DI CURA ACCREDITATA A CONTRATTO,01/01/1984 12:00:00 AM,,VIALE PARCO VECCHIO  27,27100,PAVIA,0382433611,0382433716,Senza livello emergenza,
326,326,ATS DI BRESCIA,030175,00,CASA DI CURA S. CAMILLO - BRESCIA,51,CASA DI CURA ACCREDITATA A CONTRATTO,01/01/1988 12:00:00 AM,,VIA FILIPPO TURATI N.44,25123,BRESCIA,0302910311,030293369,Senza livello emergenza,
325,325,ATS DI BERGAMO,030143,00,HUMANITAS GAVAZZENI,51,CASA DI CURA ACCREDITATA A CONTRATTO,01/01/1938 12:00:00 AM,,VIA M. GAVAZZENI 21,24125,BERGAMO,035 4204111,035 322376,DEA-PS,
321,709,ASST DI LODI,030067,00,OSPEDALE MAGGIORE DI LODI,12,OSPEDALE A GESTIONE DIRETTA PRESIDIO DELLA AO,01/01/1984 12:00:00 AM,,"VIALE SAVOIA,1",26900,LODI,0371371,,DEA-PS,
322,322,ATS DELL'INSUBRIA,030029,00,OSP.SACRA FAMIGLIA - F.B.F. - ERBA,4,OSPEDALE CLASSIFICATO,01/01/1984 12:00:00 AM,,VIA FATEBENEFRATELLI 20,22036,ERBA,031638111,031638229,DEA-PS-PPI,X
321,705,ASST OVEST MILANESE,030074,02,OSPEDALE C. CANTU' ABBIATEGRASSO,12,OSPEDALE A GESTIONE DIRETTA PRESIDIO DELLA AO,01/01/2018 12:00:00 AM,,PIAZZA B. CAZZAMINI MUSSI  1,20081,ABBIATEGRASSO,0294861,029486227,PPI,
328,727,ASST DI PAVIA,030190,00,OSPEDALE CARLO MIRA-CASORATE PRIMO,12,OSPEDALE A GESTIONE DIRETTA PRESIDIO DELLA AO,04/01/1981 12:00:00 AM,,"VIA DELL'ORTO,99",27022,CASORATE PRIMO,02  900401,0290040293,PPI,
327,724,ASST DI CREMONA,030273,00,OSPEDALE OGLIO PO,12,OSPEDALE A GESTIONE DIRETTA PRESIDIO DELLA AO,01/01/1995 12:00:00 AM,,VIA STAFFOLO 51-VICOMOSCANO,26041,CASALMAGGIORE,03752811,0375281493,DEA-PS,
327,327,ATS DELLA VAL PADANA,030217,00,CASA DI CURA ANCELLE DELLA CARITA'-CR,51,CASA DI CURA ACCREDITATA A CONTRATTO,01/01/1995 12:00:00 AM,,"VIA ASELLI, 14",26100,CREMONA,0372535711,03725357775,Senza livello emergenza,
321,705,ASST OVEST MILANESE,030705,00,ASST OVEST MILANESE,0,AZIENDA OSPEDALIERA,01/01/2016 12:00:00 AM,,VIA PAPA GIOVANNI PAOLO II C.P. 3,20025,LEGNANO,0331449111,0331595275,Senza livello emergenza,
325,325,ATS DI BERGAMO,030337,00,VILLA SANT'APOLLONIA S.R.L. - BERGAMO,52,CASA DI CURA ACCREDITATA NON A CONTRATTO,06/01/1998 12:00:00 AM,,VIA G. MOTTA 37,24123,BERGAMO,035 347172,035 360900,Senza livello emergenza,
